name,email,manager,role,level,org_name
LUCAS ROMANI DE ARAUJO,LUCAS.ARAUJO@NEON.COM.BR,BRENDA RIBEIRO DE MELO OLIVEIRA,IT OPERATIONS ANALYST III,L2,Engineering
JULIANA DE OLIVEIRA RIBEIRO,JULIANA.RIBEIRO@NEON.COM.BR,BRENDA RIBEIRO DE MELO OLIVEIRA,IT GOVERNANCE ANALYST III,L2,Engineering
HENRIQUE COSTA BARBOSA,HENRIQUE.COSTA@NEON.COM.BR,BRENDA RIBEIRO DE MELO OLIVEIRA,SENIOR IT GOVERNANCE ANALYST,L3,Engineering
ROGERIO NUNES,ROGERIO.NUNES@NEON.COM.BR,BRENDA RIBEIRO DE MELO OLIVEIRA,SENIOR IT GOVERNANCE ANALYST,L3,Engineering
AMANDA CARDOMINGO MATTIAZZO,AMANDA.MATTIAZZO@NEON.COM.BR,BRENDA RIBEIRO DE MELO OLIVEIRA,IT GOVERNANCE ANALYST III,L1,Engineering
PATRICIA MARY CARMO TEIXEIRA,PATRICIA.TEIXEIRA@NEON.COM.BR,BRENDA RIBEIRO DE MELO OLIVEIRA,IT GOVERNANCE ANALYST III,L2,Engineering
ANE CAROLINE DE ARAUJO MARQUES,ANE.MARQUES@NEON.COM.BR,BRENDA RIBEIRO DE MELO OLIVEIRA,IT GOVERNANCE ANALYST III,L2,Engineering
KLEBER COPOLLA,KLEBER.COPOLLA@NEON.COM.BR,FABIO HENRIQUE GALLEGO,IT OPERATIONS TECH MANAGER,L4,Engineering
BRENDA RIBEIRO DE MELO OLIVEIRA,BRENDA.OLIVEIRA@NEON.COM.BR,FABIO HENRIQUE GALLEGO,IT GOVERNANCE MANAGER,L4,Engineering
EVANDRO ESCOBAR LOPES,EVANDRO.ESCOBAR@NEON.COM.BR,FABIO HENRIQUE GALLEGO,STAFF IT GOVERNANCE I,L4,Engineering
JULIANA DE OLIVEIRA MOJU FERNANDES,JULIANA.MOJU@NEON.COM.BR,FABIO HENRIQUE GALLEGO,IT ACCESS TECH MANAGER,L4,Engineering
PATRICIA ALVES DA SILVA,PATRICIA.ALVES@NEON.COM.BR,FABIO HENRIQUE GALLEGO,IT GOVERNANCE TECH MANAGER,L4,Engineering
RODRIGO NOGUEIRA DE SOUZA,RODRIGO.NOGUEIRA@NEON.COM.BR,FABIO HENRIQUE GALLEGO,STAFF IT GOVERNANCE I,L4,Engineering
ROGERIO SANCHES DE OLIVEIRA,ROGERIO.SANCHES@NEON.COM.BR,ITALO SAMUEL SILVA DOS SANTOS,TECH MANAGER,L4,Engineering
DIOVANE RINALDIN,DIOVANE.RINALDIN@NEON.COM.BR,ITALO SAMUEL SILVA DOS SANTOS,ENGINEERING MANAGER,L5,Engineering
RENAN BRAGA COSTA,RENAN.COSTA@NEON.COM.BR,ITALO SAMUEL SILVA DOS SANTOS,STAFF SOFTWARE ENGINEER I,L4,Engineering
FELIPE AUGUSTO CARDOSO DA SILVA,FELIPE.CARDOSO@NEON.COM.BR,ITALO SAMUEL SILVA DOS SANTOS,STAFF SOFTWARE ENGINEER I,L4,Engineering
FABIO HENRIQUE GALLEGO,FABIO.GALLEGO@NEON.COM.BR,ITALO SAMUEL SILVA DOS SANTOS,HEAD OF CORPORATE IT,L6,Engineering
CAROLINE LAUTERJUNG GOLTARA,CAROLINE.GOLTARA@NEON.COM.BR,ITALO SAMUEL SILVA DOS SANTOS,STAFF SOFTWARE ENGINEER I,L4,Engineering
GIOVANI BRIONI NUNES,GIOVANI.BRIONI@NEON.COM.BR,ITALO SAMUEL SILVA DOS SANTOS,STAFF SOFTWARE ENGINEER II,L5,Engineering
NICOLE SESCHIN,NICOLE.SESCHIN@NEON.COM.BR,ITALO SAMUEL SILVA DOS SANTOS,TECH MANAGER,L4,Engineering
VICTOR SILVA FRANCISCO,VICTOR.FRANCISCO@NEON.COM.BR,JULIANA DE OLIVEIRA MOJU FERNANDES,IT GOVERNANCE ANALYST III,L2,Engineering
WELLINGTON FERREIRA MARQUES,WELLINGTON.MARQUES@NEON.COM.BR,JULIANA DE OLIVEIRA MOJU FERNANDES,IT GOVERNANCE ANALYST III,L1,Engineering
JAQUELINE DE FATIMA SOUZA,JAQUELINE.SOUZA@NEON.COM.BR,JULIANA DE OLIVEIRA MOJU FERNANDES,SENIOR IT GOVERNANCE ANALYST,L2,Engineering
CAIO SENA SOUTO,CAIO.SOUTO@NEON.COM.BR,JULIANA DE OLIVEIRA MOJU FERNANDES,IT OPERATIONS ANALYST II,L1,Engineering
ESTEBAN JOSE GONZALEZ GOMEZ,ESTEBAN.GONZALEZ@NEON.COM.BR,JULIANA DE OLIVEIRA MOJU FERNANDES,SOFTWARE ENGINEER II,L1,Engineering
MATHEUS SANTANA SIQUEIRA,MATHEUS.SIQUEIRA@NEON.COM.BR,JULIANA DE OLIVEIRA MOJU FERNANDES,SENIOR IT GOVERNANCE ANALYST,L3,Engineering
LUCAS DE OLIVEIRA PEIXOTO,LUCAS.PEIXOTO@NEON.COM.BR,KLEBER COPOLLA,IT OPERATIONS ANALYST III,L2,Engineering
MATHEUS SANDES JESUS,MATHEUS.SANDES@NEON.COM.BR,KLEBER COPOLLA,IT OPERATIONS ANALYST III,L2,Engineering
NATALIA SAPRAGONAS,NATALIA.SAPRAGONAS@NEON.COM.BR,KLEBER COPOLLA,SENIOR IT OPERATIONS ANALYST,L2,Engineering
MARCUS VINICIUS CORREA,MARCUS.CORREA@NEON.COM.BR,KLEBER COPOLLA,IT OPERATIONS ANALYST III,L2,Engineering
ELIECER GAMALIEL FRANCO CORTEZ,FRANCO.ELIECER@NEON.COM.BR,KLEBER COPOLLA,IT OPERATIONS ANALYST II,L1,Engineering
CHRISTIAN DE SANTANA RESENDE,CHRISTIAN.RESENDE@NEON.COM.BR,KLEBER COPOLLA,IT OPERATIONS ANALYST III,L2,Engineering
BRUNO PANDOLFI GROSSI,BRUNO.GROSSI@NEON.COM.BR,KLEBER COPOLLA,IT OPERATIONS ANALYST III,L1,Engineering
LEANDRO SILVA LEMOS DA COSTA,LEANDRO.LEMOS@NEON.COM.BR,KLEBER COPOLLA,SENIOR IT OPERATIONS ANALYST,L2,Engineering
ALAN BELARMINO GOMES,ALAN.BELARMINO@NEON.COM.BR,KLEBER COPOLLA,SENIOR IT OPERATIONS ANALYST,L3,Engineering
LUCAS DONIZETE CARDOSO,LUCAS.DONIZETE@NEON.COM.BR,PATRICIA ALVES DA SILVA,SENIOR IT GOVERNANCE ANALYST,L3,Engineering
CLAUDIO FELIPE DE OLIVEIRA,CLAUDIO.OLIVEIRA@NEON.COM.BR,PATRICIA ALVES DA SILVA,IT GOVERNANCE ANALYST III,L2,Engineering
LUCAS MONFERDINI MORETTO,LUCAS.MORETTO@NEON.COM.BR,PATRICIA ALVES DA SILVA,IT GOVERNANCE ANALYST II,L1,Engineering
ELIANE PEREIRA DA SILVA,ELIANE.SILVA@NEON.COM.BR,PATRICIA ALVES DA SILVA,IT GOVERNANCE ANALYST III,L2,Engineering