name,email,manager,role,level,org_name
LORENA OLIVEIRA BARBOSA,LORENA.BARBOSA@NEON.COM.BR,DANIELLE CAROLINE LEAL DOS SANTOS,A,L3,BU Cards
MARIA APARECIDA LOPES DOS SANTOS,MARIA.SANTOS@NEON.COM.BR,DANIELLA CORDEIRO DE CARVALHO,A,L1,Engineering
PEDRO HENRIQUE DE SOUZA RIBEIRO,PEDRO.RIBEIRO@NEON.COM.BR,DANIELLA CORDEIRO DE CARVALHO,A,L3,Engineering
VINICIUS SILVA DOS SANTOS,VINICIUS.SSANTOS@NEON.COM.BR,DANIELLA CORDEIRO DE CARVALHO,A,L2,Engineering
LUCAS PERIN FELIPONI,LUCAS.PERIN@NEON.COM.BR,DANIELLA CORDEIRO DE CARVALHO,A,L3,Engineering
VINICIUS TAVARES SANTAELLA,VINICIUS.SANTAELLA@NEON.COM.BR,DANIELLA CORDEIRO DE CARVALHO,A,L2,Engineering
LUANA FARES,LUANA.FARES@NEON.COM.BR,DANIELLA CORDEIRO DE CARVALHO,A,L3,Engineering
KARINE AMPESSAN BATALHA,KARINE.BATALHA@NEON.COM.BR,DANIEL COVO CAMPAGNONI ANDRADE,A,L5,BU Payroll
MARCIO MERINO DE LIMA,MARCIO.LIMA@NEON.COM.BR,JOSE ARTHUR BENETASSO VILLANOVA,A,L4,Engineering
JOAO VICTOR MUNHOZ DE OLIVEIRA,VICTOR.MUNHOZ@NEON.COM.BR,JOSE ARTHUR BENETASSO VILLANOVA,A,L4,Engineering
PEDRO LOMBARDI NETO,PEDRO.LOMBARDI@NEON.COM.BR,JOSE ARTHUR BENETASSO VILLANOVA,A,L4,Engineering
FILIPE ANTONIO GONCALVES,FILIPE.GONCALVES@NEON.COM.BR,DANIEL COVO CAMPAGNONI ANDRADE,A,L1,BU Payroll
LEANDRO DE CARVALHO ASSIS ESTEVES,LEANDRO.ESTEVES@NEON.COM.BR,MARIA FERNANDA PEREIRA LOPES LIMA E SILV,A,L4,Security
SAKHILE PERCY DLAMINI,SAKHILE.DLAMINI@NEON.COM.BR,MARIA FERNANDA PEREIRA LOPES LIMA E SILV,A,L5,Security
GLEICE KELLY MIRANDA GALDINO,GLEICE.GALDINO@NEON.COM.BR,MARIA FERNANDA PEREIRA LOPES LIMA E SILV,A,L4,Security
EMANUEL DE MOURA CHAGAS,EMANUEL.CHAGAS@NEON.COM.BR,MARIA FERNANDA PEREIRA LOPES LIMA E SILV,A,L4,Security
VITOR VERGACAS DE OLIVEIRA,VITOR.VERGACAS@NEON.COM.BR,MARIA FERNANDA PEREIRA LOPES LIMA E SILV,A,L4,Security
FERNANDO NADIR DA SILVEIRA,FERNANDO.SILVEIRA@NEON.COM.BR,MARIA FERNANDA PEREIRA LOPES LIMA E SILV,A,L4,Security
MARCELA BRAGA COSTA,MARCELA.COSTA@NEON.COM.BR,MARIA FERNANDA PEREIRA LOPES LIMA E SILV,A,L4,Security
DIEGO MONTEIRO COVRE,DIEGO.COVRE@NEON.COM.BR,MARIANNE CARDOSO VERAS SALMAZO,A,L4,BU New Clients
GIOVANNA VICENTINI PEREIRA,GIOVANNA.PEREIRA@NEON.COM.BR,MARIANNE CARDOSO VERAS SALMAZO,A,L3,BU New Clients
SERGIO DA COSTA PENA,SERGIO.PENA@NEON.COM.BR,MARIANNE CARDOSO VERAS SALMAZO,A,L5,BU New Clients
FABIO ROCHA FERREIRA,FABIO.FERREIRA@NEON.COM.BR,JOSE ARTHUR BENETASSO VILLANOVA,A,L2,Engineering
KAICK MEDEIROS FRANCELINO,KAICK.MEDEIROS@NEON.COM.BR,JOSE ARTHUR BENETASSO VILLANOVA,A,L2,Engineering
ALEXANDRE DE OLIVEIRA VIEIRA JUNIOR,ALEXANDRE.VIEIRA@NEON.COM.BR,JOSE ARTHUR BENETASSO VILLANOVA,A,L1,Engineering
MARCOS PAULO FRANCO FERNANDES,MARCOS.FRANCO@NEON.COM.BR,JOSE ARTHUR BENETASSO VILLANOVA,A,L2,Engineering
DARWIN JESUS GUZMAN BETANCOURT,DARWIN.GUZMAN@NEON.COM.BR,JOSE ARTHUR BENETASSO VILLANOVA,A,L1,Engineering
ANGELICA SOFIA NIEVES,ANGELICA.NIEVES@NEON.COM.BR,JOSE ARTHUR BENETASSO VILLANOVA,A,L1,Engineering
JOSE AUGUSTO DA SILVA,AUGUSTO.SILVA@NEON.COM.BR,JOSE ARTHUR BENETASSO VILLANOVA,A,L1,Engineering
PAMELA LAYANE LIMA DA SILVA,PAMELA.LIMA@NEON.COM.BR,JOSE ARTHUR BENETASSO VILLANOVA,A,L1,Engineering
RAMON HENRIQUE FERNANDES SOUZA,RAMON.HENRIQUE@NEON.COM.BR,JOSE ARTHUR BENETASSO VILLANOVA,A,L1,Engineering
MAXWELL DE SOUZA PEDROZA,MAX.PEDROZA@NEON.COM.BR,JOSE ARTHUR BENETASSO VILLANOVA,A,L1,Engineering
VIVIANE CARIUS SERRAO,VIVIANE.CARIUS@NEON.COM.BR,JOSE ARTHUR BENETASSO VILLANOVA,A,L1,Engineering
ALESSANDRO RODRIGUES DE SOUZA,ALESSANDRO.SOUZA@NEON.COM.BR,JOSE ARTHUR BENETASSO VILLANOVA,A,L2,Engineering
BRUNO MIURA LUNARDI,BRUNO.LUNARDI@NEON.COM.BR,CONRADO FORTES ANDALAFET,A,L5,BU Payroll
BEATRIZ FONSECA SANTINI,BEATRIZ.SANTINI@NEON.COM.BR,CONRADO FORTES ANDALAFET,A,L4,BU Payroll
ROBERTA DE ALMEIDA LARA GOUVEA,ROBERTA.GOUVEA@NEON.COM.BR,CONRADO FORTES ANDALAFET,A,L4,BU Payroll
THIAGO PEREIRA DE SOUZA,THIAGO.PEREIRA@NEON.COM.BR,DANIELLA CORDEIRO DE CARVALHO,A,L3,Engineering
CAMILA ROZALEM BETIM,CAMILA.BETIM@NEON.COM.BR,DANIELLA CORDEIRO DE CARVALHO,A,L2,Engineering
PALOMA GONCALVES DOS SANTOS OLIVEIRA,PALOMA.GONCALVES@NEON.COM.BR,FRANCISCO SOARES DA SILVA JUNIOR,A,L4,BU Payroll
BERNARDO CANELLAS MARRA,BERNARDO.CANELLAS@NEON.COM.BR,FRANCISCO SOARES DA SILVA JUNIOR,A,L3,BU Payroll
ALFREDO DOS SANTOS MIGUEL CARDOSO JUNIOR,ALFREDO.MIGUEL@NEON.COM.BR,ISABELA DOS SANTOS LIMA,A,L5,BU Cards
OTAVIO BARROSO SATIN,OTAVIO.SATIN@NEON.COM.BR,ISABELA DOS SANTOS LIMA,A,L2,BU Cards
FELIPE COSTA SENDRETE,FELIPE.SENDRETE@NEON.COM.BR,ISABELA DOS SANTOS LIMA,A,L3,BU Cards
VIVIANE SARTORI CAVALCANTI,VIVIANE.CAVALCANTI@NEON.COM.BR,JOSE ARTHUR BENETASSO VILLANOVA,A,L4,Engineering
POLLYANA ALMEIDA DE MIRANDA E SILVA,POLLYANA.SILVA@NEON.COM.BR,JOSE ARTHUR BENETASSO VILLANOVA,A,L4,Engineering
DIOGO RODRIGO SOUZA DE OLIVEIRA,DIOGO.SOUZA@NEON.COM.BR,MICHAEL OLIVEIRA LEONE,A,L1,Security
RAFAEL MARTINS JUNIOR,RAFAEL.MARTINS@NEON.COM.BR,MICHAEL OLIVEIRA LEONE,A,L3,Security
DANILO ALBUQUERQUE DE MORAES,DANILO.ALBUQUERQUE@NEON.COM.BR,MURILLO MARTINEZ DA ROCHA,A,L3,Security
VINICIUS LIMA DE MATOS,VINICIUS.MATOS@NEON.COM.BR,MURILLO MARTINEZ DA ROCHA,A,L2,Security
RAFAEL DA PONTE BARBOSA,RAFAEL.BARBOSA@NEON.COM.BR,RAFAEL DO PRADO SILVA,A,L3,CoE Credit Strategy Analytics
IRAN BARROS NUNES FILHO,IRAN.BARROS@NEON.COM.BR,RAFAEL DO PRADO SILVA,A,L3,CoE Credit Strategy Analytics
DEWEI ZHOU,DEWEI.ZHOU@NEON.COM.BR,JOSE ARTHUR BENETASSO VILLANOVA,A,L4,Engineering
