name,email,manager,role,level,org_name
KELLY MIDORI MIZUTANI DUQUE,KELLY.DUQUE@NEON.COM.BR,MARCOS MULLER LOPES FONSECA,A,Neon L6 Sala 1,GT
IGOR TORRES ARAUJO MARTINS,IGOR.MARTINS@NEON.COM.BR,MARCOS MULLER LOPES FONSECA,A,Neon L7 Sala 1,GT
JULIO SOUSA SENDER,JULIO.SENDER@NEON.COM.BR,GABRIEL LOPEZ MELHADO,A,BU Lending L4 Sala 1,GT
GABRIEL LOPEZ MELHADO,GABRIEL.MELHADO@NEON.COM.BR,CONRADO FORTES ANDALAFET,A,Neon L6 Sala 1,GT
MATEUS MORETTI ARAUJO,MATEUS.MORETTI@NEON.COM.BR,IGOR TORRES ARAUJO MARTINS,A,DESIGN L4 Sala 1,GT
MARCOS MULLER LOPES FONSECA,MARCOS.FONSECA@NEON.COM.BR,FERNANDO CARVALHO BOTELHO MIRANDA,A,Neon L8 Sala 1,GT
ROBERTA DE ALMEIDA LARA GOUVEA,ROBERTA.GOUVEA@NEON.COM.BR,CONRADO FORTES ANDALAFET,A,BU Lending L4 Sala 1,GT
PALOMA GONCALVES DOS SANTOS OLIVEIRA,PALOMA.GONCALVES@NEON.COM.BR,LUIZ EDUARDO BITTENCOURT,A,BU Lending L4 Sala 1,GT
KARINE AMPESSAN BATALHA,KARINE.BATALHA@NEON.COM.BR,IGOR TORRES ARAUJO MARTINS,A,PRODUCT L5 Sala 1,GT
CARLOS DANILO TOME,CARLOS.TOME@NEON.COM.BR,GABRIEL LOPEZ MELHADO,A,BU Lending L0 L1 L2 L3 Sala 1,GT
THIAGO VILELA,THIAGO.VILELA@NEON.COM.BR,IGOR TORRES ARAUJO MARTINS,A,PRODUCT L5 Sala 1,GT
THIAGO BUCHI DO NASCIMENTO,THIAGO.BUCHI@NEON.COM.BR,CONRADO FORTES ANDALAFET,A,BU Lending L4 Sala 1,GT
DANIEL COVO CAMPAGNONI ANDRADE,DANIEL.ANDRADE@NEON.COM.BR,GUSTAVO RAPOSO VIEIRA,A,PRODUCT L6 Sala 1,GT
GUSTAVO RAPOSO VIEIRA,GUSTAVO.RAPOSO@NEON.COM.BR,MARCOS MULLER LOPES FONSECA,A,Neon L7 Sala 1,GT
WAGNER HEILMAN,WAGNER.HEILMAN@NEON.COM.BR,RAPHAEL RAMOS DA SILVA ZAGRAJSEK,A,BU Lending L0 L1 L2 L3 Sala 1,GT
GABRIEL FIGUEIREDO DE SOUZA,GABRIEL.FIGUEIREDO@NEON.COM.BR,RAPHAEL RAMOS DA SILVA ZAGRAJSEK,A,BU Lending L0 L1 L2 L3 Sala 1,GT
AMABILI CRISTINA ALEXANDRE,AMABILI.ALEXANDRE@NEON.COM.BR,RAPHAEL RAMOS DA SILVA ZAGRAJSEK,A,BU Lending L0 L1 L2 L3 Sala 1,GT
LETICIA DE SOUZA SUEVO,LETICIA.SUEVO@NEON.COM.BR,LUIZ EDUARDO BITTENCOURT,A,Cross BU L5 Sala 1,GT
RAPHAEL RAMOS DA SILVA ZAGRAJSEK,RAPHAEL.ZAGRAJSEK@NEON.COM.BR,KELLY MIDORI MIZUTANI DUQUE,A,Cross BU L5 Sala 1,GT
VITOR HUGO SILVA GUILHERME,VITOR.GUILHERME@NEON.COM.BR,IGOR TORRES ARAUJO MARTINS,A,PRODUCT L1 L2 L3 Sala 1,GT
PALLOMA DE CASSIA FREZZURA ALMEIDA,PALLOMA.ALMEIDA@NEON.COM.BR,FRANCISCO SOARES DA SILVA JUNIOR,A,BU Lending L4 Sala 1,GT
JACKSON FERNANDES RIBEIRO JUNIOR,JACKSON.RIBEIRO@NEON.COM.BR,IGOR TORRES ARAUJO MARTINS,A,DESIGN L1 L2 L3 Sala 1,GT
HUGO ALCANTARA MIGUEL,HUGO.ALCANTARA@NEON.COM.BR,FRANCISCO SOARES DA SILVA JUNIOR,A,Cross BU L5 Sala 1,GT
CLAUDIA BLEKAITIS RIBEIRO,CLAUDIA.RIBEIRO@NEON.COM.BR,FERNANDA FARIAS,A,BU Lending L0 L1 L2 L3 Sala 1,GT
CAIO VICTOR CARINI CORREIA,CAIO.VICTOR@NEON.COM.BR,PALOMA GONCALVES DOS SANTOS OLIVEIRA,A,BU Lending L0 L1 L2 L3 Sala 1,GT
SHARON OLIVEIRA FELIX,SHARON.FELIX@NEON.COM.BR,PALLOMA DE CASSIA FREZZURA ALMEIDA,A,BU Lending L0 L1 L2 L3 Sala 1,GT
JESSICA DA SILVA,JESSICA.DASILVA@NEON.COM.BR,PALOMA GONCALVES DOS SANTOS OLIVEIRA,A,BU Lending L0 L1 L2 L3 Sala 1,GT
GABRIEL PALANDRE REINHARDT DA SILVA,GABRIEL.PALANDRE@NEON.COM.BR,FERNANDA FARIAS,A,BU Lending L0 L1 L2 L3 Sala 1,GT
ALEXANDRE VECHI MACIEL,ALEXANDRE.MACIEL@NEON.COM.BR,THIAGO BUCHI DO NASCIMENTO,A,BU Lending L0 L1 L2 L3 Sala 1,GT
DANIELA DE CARVALHO BORGES FREITAS,DANIELA.FREITAS@NEON.COM.BR,PALOMA GONCALVES DOS SANTOS OLIVEIRA,A,BU Lending L0 L1 L2 L3 Sala 1,GT
DANIELA EMILIA CANOVAS AMATE,DANIELA.AMATE@NEON.COM.BR,PALOMA GONCALVES DOS SANTOS OLIVEIRA,A,BU Lending L0 L1 L2 L3 Sala 1,GT
THAIRINY MENESES DE LOIOLA,THAIRINY.LOIOLA@NEON.COM.BR,LETICIA DE SOUZA SUEVO,A,BU Lending L0 L1 L2 L3 Sala 1,GT
PAMELLA GABRIEL DO NASCIMENTO,PAMELLA.NASCIMENTO@NEON.COM.BR,FERNANDA FARIAS,A,BU Lending L0 L1 L2 L3 Sala 1,GT
GISLAINE DA SILVA,GISLAINE.SILVA@NEON.COM.BR,FERNANDA FARIAS,A,BU Lending L0 L1 L2 L3 Sala 1,GT
MARISA OLIVEIRA SANTOS MAGALHAES,MARISA.MAGALHAES@NEON.COM.BR,FERNANDA FARIAS,A,BU Lending L0 L1 L2 L3 Sala 1,GT
HELOIZE ANDRADE DOS SANTOS,HELOIZE.ANDRADE@NEON.COM.BR,PALLOMA DE CASSIA FREZZURA ALMEIDA,A,BU Lending L0 L1 L2 L3 Sala 1,GT
BARBARA SILVA DE ALMEIDA,BARBARA.ALMEIDA@NEON.COM.BR,GUSTAVO RAPOSO VIEIRA,A,Cross BU L5 Sala 1,GT
FILIPE ANTONIO GONCALVES,FILIPE.GONCALVES@NEON.COM.BR,DANIEL COVO CAMPAGNONI ANDRADE,A,PRODUCT L1 L2 L3 Sala 1,GT
ALINE SABANY PEREIRA,ALINE.SABANY@NEON.COM.BR,PALLOMA DE CASSIA FREZZURA ALMEIDA,A,BU Lending L0 L1 L2 L3 Sala 1,GT
MIGUEL CARNEIRO DE HOLANDA,MIGUEL.HOLANDA@NEON.COM.BR,ROBERTA DE ALMEIDA LARA GOUVEA,A,BU Lending L0 L1 L2 L3 Sala 1,GT
HELENA HOBOLD,HELENA.HOBOLD@NEON.COM.BR,LETICIA DE SOUZA SUEVO,A,BU Lending L0 L1 L2 L3 Sala 1,GT
LUIZ EDUARDO BITTENCOURT,LUIZ.BITTENCOURT@NEON.COM.BR,FRANCISCO SOARES DA SILVA JUNIOR,A,Neon L6 Sala 1,GT
ERICA DE PAIVA CARNEIRO,ERICA.PAIVA@NEON.COM.BR,FRANCISCO SOARES DA SILVA JUNIOR,A,BU Lending L4 Sala 1,GT
VICTOR KANG SZE,VICTOR.SZE@NEON.COM.BR,KELLY MIDORI MIZUTANI DUQUE,A,BU Lending L4 Sala 1,GT
JAQUELINE QUEIROS PERICO,JAQUELINE.QUEIROS@NEON.COM.BR,LETICIA DE SOUZA SUEVO,A,BU Lending L0 L1 L2 L3 Sala 1,GT
FERNANDO GARCIA CANICAIS,FERNANDO.CANICAIS@NEON.COM.BR,IGOR TORRES ARAUJO MARTINS,A,PRODUCT L4 Sala 1,GT
DAYANE SILVA SANTOS,DAYANE.SANTOS@NEON.COM.BR,PALLOMA DE CASSIA FREZZURA ALMEIDA,A,BU Lending L0 L1 L2 L3 Sala 1,GT
LYAN DE MATTOS SOUTO MONTEIRO,LYAN.SOUTO@NEON.COM.BR,GABRIEL LOPEZ MELHADO,A,BU Lending L4 Sala 1,GT
ANDRESSA CARDOSO RODRIGUES,ANDRESSA.RODRIGUES@NEON.COM.BR,FERNANDA FARIAS,A,BU Lending L0 L1 L2 L3 Sala 1,GT
LUCAS DE SOUZA TEIXEIRA,LUCAS.TEIXEIRA@NEON.COM.BR,RAPHAEL RAMOS DA SILVA ZAGRAJSEK,A,BU Lending L0 L1 L2 L3 Sala 1,GT
LARISSA SANTOS FERNANDES,LARISSA.FERNANDES@NEON.COM.BR,DANIEL COVO CAMPAGNONI ANDRADE,A,PRODUCT L1 L2 L3 Sala 1,GT
FERNANDA FARIAS,FERNANDA.FARIAS@NEON.COM.BR,LETICIA DE SOUZA SUEVO,A,BU Lending L4 Sala 1,GT
CONRADO FORTES ANDALAFET,CONRADO.ANDALAFET@NEON.COM.BR,MARCOS MULLER LOPES FONSECA,A,Neon L7 Sala 1,GT
FRANCISCO SOARES DA SILVA JUNIOR,FRANCISCO.SOARES@NEON.COM.BR,MARCOS MULLER LOPES FONSECA,A,Neon L7 Sala 1,GT
JESSICA CARDOSO SILVEIRA,JESSICA.CARDOSO@NEON.COM.BR,JULIO SOUSA SENDER,A,BU Lending L0 L1 L2 L3 Sala 1,GT
KATIA SUELI DA SILVA MICHELIN,KATIA.MICHELIN@NEON.COM.BR,FRANCISCO SOARES DA SILVA JUNIOR,A,BU Lending L0 L1 L2 L3 Sala 1,GT
CARLOS FERNANDES DOS SANTOS,CARLOS.FERNANDES@NEON.COM.BR,KELLY MIDORI MIZUTANI DUQUE,A,BU Lending L4 Sala 1,GT
CLEO BERNI SAVASTANO,CLEO.BERNI@NEON.COM.BR,ROBERTA DE ALMEIDA LARA GOUVEA,A,BU Lending L0 L1 L2 L3 Sala 1,GT
GIZELLA AGUIAR GOMES THE,GIZELLA.AGUIAR@NEON.COM.BR,FRANCISCO SOARES DA SILVA JUNIOR,A,Cross BU L5 Sala 1,GT
ANA JULIA ERD FREITAS,ANA.JULIA@NEON.COM.BR,FERNANDA FARIAS,A,BU Lending L0 L1 L2 L3 Sala 1,GT
ERIC NOGARE CHAVES,ERIC.CHAVES@NEON.COM.BR,DANIEL COVO CAMPAGNONI ANDRADE,A,PRODUCT L5 Sala 1,GT
PAULA DOS SANTOS FIGUEIREDO,PAULA.FIGUEIREDO@NEON.COM.BR,DANIEL COVO CAMPAGNONI ANDRADE,A,DESIGN L1 L2 L3 Sala 1,GT
WILLIANE MAGALHAES DE OLIVEIRA,WILLIANE.OLIVEIRA@NEON.COM.BR,RAPHAEL RAMOS DA SILVA ZAGRAJSEK,A,BU Lending L0 L1 L2 L3 Sala 1,GT
LARISSA THAMIRIS DE PAULA SANTOS,LARISSA.PAULA@NEON.COM.BR,LETICIA DE SOUZA SUEVO,A,BU Lending L0 L1 L2 L3 Sala 1,GT
RODRIGO MORAES SILVA,RODRIGO.MORAES@NEON.COM.BR,FRANCISCO SOARES DA SILVA JUNIOR,A,Cross BU L5 Sala 1,GT
MARIA ANTONIA MADUREIRA DE PINHO TRINDADE,MARIA.TRINDADE@NEON.COM.BR,JULIO SOUSA SENDER,A,BU Lending L0 L1 L2 L3 Sala 1,GT
JOCIMEIRE DIAS DE SOUZA,JOCIMEIRE.SOUZA@NEON.COM.BR,FRANCISCO SOARES DA SILVA JUNIOR,A,BU Lending L4 Sala 1,GT
DINANE SARMIERI MESQUITA,DINANE.SARMIERI@NEON.COM.BR,FRANCISCO SOARES DA SILVA JUNIOR,A,BU Lending L0 L1 L2 L3 Sala 1,GT
FELIPE FORNOS HADID,FELIPE.HADID@NEON.COM.BR,HUGO ALCANTARA MIGUEL,A,BU Lending L0 L1 L2 L3 Sala 1,GT
BRUNO MIURA LUNARDI,BRUNO.LUNARDI@NEON.COM.BR,CONRADO FORTES ANDALAFET,A,Cross BU L5 Sala 1,GT
LUIS FELIPE D AVILA,LUIS.DAVILA@NEON.COM.BR,FRANCISCO SOARES DA SILVA JUNIOR,A,BU Lending L4 Sala 1,GT
BERNARDO CANELLAS MARRA,BERNARDO.CANELLAS@NEON.COM.BR,FRANCISCO SOARES DA SILVA JUNIOR,A,Cross BU L5 Sala 1,GT
ANA BEATRIZ PINHEIRO CURTY,ANABEATRIZ.CURTY@NEON.COM.BR,FRANCISCO SOARES DA SILVA JUNIOR,A,BU Lending L0 L1 L2 L3 Sala 1,GT
PEDRO IVO VIDAL MORAES TIBAU,PEDRO.TIBAU@NEON.COM.BR,FRANCISCO SOARES DA SILVA JUNIOR,A,BU Lending L0 L1 L2 L3 Sala 1,GT
MARCELA PEREIRA DA SILVA,MARCELA.SILVA@NEON.COM.BR,FRANCISCO SOARES DA SILVA JUNIOR,A,BU Lending L0 L1 L2 L3 Sala 1,GT
ELISIANE FERREIRA ROCHA,ELISIANE.ROCHA@NEON.COM.BR,FERNANDA FARIAS,A,BU Lending L0 L1 L2 L3 Sala 1,GT
