﻿name;email;manager;role;level;org_name;AREA;Filter
JULIANA NORIKO YAMADA;JULIANA.YAMADA@NEON.COM.BR;FERNANDO CARVALHO BOTELHO MIRANDA;A;Neon L9 Sala 1;GT;-;JULIANA NORIKO YAMADA,JULIANA.YAMADA@NEON.COM.BR,FERNANDO CARVALHO BOTELHO MIRANDA,A,Neon L9 Sala 1,GT
ESTHER TOMY KARAZAWA;ESTHER.KARAZAWA@NEON.COM.BR;ALEXANDRE AUGUSTO ZAIA RODRIGUES;A;PRODUCT L6 Sala 1;GT;BU Cards;ESTHER TOMY KARAZAWA,ESTHER.KARAZAWA@NEON.COM.BR,ALEXANDRE AUGUSTO ZAIA RODRIGUES,A,PRODUCT L6 Sala 1,GT
GUSTAVO JUNQUEIRA;GUSTAVO.JUNQUEIRA@NEON.COM.BR;IAGO REZENDE MEYER;A;Cross BU L5 Sala 1;GT;BU Cards;GUSTAVO JUNQUEIRA,GUSTAVO.JUNQUEIRA@NEON.COM.BR,IAGO REZENDE MEYER,A,Cross BU L5 Sala 1,GT
ALEXANDRE AUGUSTO ZAIA RODRIGUES;ALEXANDRE.RODRIGUES@NEON.COM.BR;FERNANDO CARVALHO BOTELHO MIRANDA;A;Neon L9 Sala 1;GT;BU Cards;ALEXANDRE AUGUSTO ZAIA RODRIGUES,ALEXANDRE.RODRIGUES@NEON.COM.BR,FERNANDO CARVALHO BOTELHO MIRANDA,A,Neon L9 Sala 1,GT
IAGO REZENDE MEYER;IAGO.MEYER@NEON.COM.BR;ALEXANDRE AUGUSTO ZAIA RODRIGUES;A;Neon L7 Sala 1;GT;BU Cards;IAGO REZENDE MEYER,IAGO.MEYER@NEON.COM.BR,ALEXANDRE AUGUSTO ZAIA RODRIGUES,A,Neon L7 Sala 1,GT
MATEUS HENRIQUE BORGES NOEL;MATEUS.NOEL@NEON.COM.BR;IAGO REZENDE MEYER;A;Cross BU L5 Sala 1;GT;BU Cards;MATEUS HENRIQUE BORGES NOEL,MATEUS.NOEL@NEON.COM.BR,IAGO REZENDE MEYER,A,Cross BU L5 Sala 1,GT
TIAGO BENEDITO FARIA;TIAGO.BENEDITO@NEON.COM.BR;IAGO REZENDE MEYER;A;Cross BU L5 Sala 1;GT;BU Cards;TIAGO BENEDITO FARIA,TIAGO.BENEDITO@NEON.COM.BR,IAGO REZENDE MEYER,A,Cross BU L5 Sala 1,GT
ANDREZA DE CASTRO CERQUEIRA;ANDREZA.CERQUEIRA@NEON.COM.BR;ISABELA DOS SANTOS LIMA;A;PRODUCT L4 Sala 1;GT;BU Cards;ANDREZA DE CASTRO CERQUEIRA,ANDREZA.CERQUEIRA@NEON.COM.BR,ISABELA DOS SANTOS LIMA,A,PRODUCT L4 Sala 1,GT
THAYANE SANTOS DE MIRANDA;THAYANE.MIRANDA@NEON.COM.BR;ISABELA DOS SANTOS LIMA;A;DESIGN L4 Sala 1;GT;BU Cards;THAYANE SANTOS DE MIRANDA,THAYANE.MIRANDA@NEON.COM.BR,ISABELA DOS SANTOS LIMA,A,DESIGN L4 Sala 1,GT
NATALIA LUIZA KLEIN SAENGER;NATALIA.SAENGER@NEON.COM.BR;MATEUS HENRIQUE BORGES NOEL;A;BU Cards L4 Sala 1;GT;BU Cards;NATALIA LUIZA KLEIN SAENGER,NATALIA.SAENGER@NEON.COM.BR,MATEUS HENRIQUE BORGES NOEL,A,BU Cards L4 Sala 1,GT
FELIPE COSTA SENDRETE;FELIPE.SENDRETE@NEON.COM.BR;ISABELA DOS SANTOS LIMA;A;PRODUCT L4 Sala 1;GT;BU Cards;FELIPE COSTA SENDRETE,FELIPE.SENDRETE@NEON.COM.BR,ISABELA DOS SANTOS LIMA,A,PRODUCT L4 Sala 1,GT
ISABELA DOS SANTOS LIMA;ISABELA.LIMA@NEON.COM.BR;ALEXANDRE AUGUSTO ZAIA RODRIGUES;A;PRODUCT L6 Sala 1;GT;BU Cards;ISABELA DOS SANTOS LIMA,ISABELA.LIMA@NEON.COM.BR,ALEXANDRE AUGUSTO ZAIA RODRIGUES,A,PRODUCT L6 Sala 1,GT
FERNANDO YUKIO MIYASHIRO;FERNANDO.MIYASHIRO@NEON.COM.BR;GUSTAVO JUNQUEIRA;A;BU Cards L1 L2 L3 Sala 1;GT;BU Cards;FERNANDO YUKIO MIYASHIRO,FERNANDO.MIYASHIRO@NEON.COM.BR,GUSTAVO JUNQUEIRA,A,BU Cards L1 L2 L3 Sala 1,GT
GABRIEL FERNANDES DE FREITAS;GABRIEL.FREITAS@NEON.COM.BR;GUSTAVO JUNQUEIRA;A;BU Cards L1 L2 L3 Sala 1;GT;BU Cards;GABRIEL FERNANDES DE FREITAS,GABRIEL.FREITAS@NEON.COM.BR,GUSTAVO JUNQUEIRA,A,BU Cards L1 L2 L3 Sala 1,GT
NATHALIA STEFANNE ARTHUR;NATHALIA.STEFANNE@NEON.COM.BR;GUSTAVO JUNQUEIRA;A;BU Cards L1 L2 L3 Sala 1;GT;BU Cards;NATHALIA STEFANNE ARTHUR,NATHALIA.STEFANNE@NEON.COM.BR,GUSTAVO JUNQUEIRA,A,BU Cards L1 L2 L3 Sala 1,GT
MONICA SILVA BRANDAO DO LAGO;MONICA.BRANDAO@NEON.COM.BR;TIAGO BENEDITO FARIA;A;BU Cards L1 L2 L3 Sala 1;GT;BU Cards;MONICA SILVA BRANDAO DO LAGO,MONICA.BRANDAO@NEON.COM.BR,TIAGO BENEDITO FARIA,A,BU Cards L1 L2 L3 Sala 1,GT
ANTHONY JOSE PALMEIRA GALVAO DE FRANCA;ANTHONY.FRANCA@NEON.COM.BR;TIAGO BENEDITO FARIA;A;BU Cards L4 Sala 1;GT;BU Cards;ANTHONY JOSE PALMEIRA GALVAO DE FRANCA,ANTHONY.FRANCA@NEON.COM.BR,TIAGO BENEDITO FARIA,A,BU Cards L4 Sala 1,GT
AMANDA RAMOS DE OLIVEIRA;AMANDA.RAMOS@NEON.COM.BR;GUSTAVO JUNQUEIRA;A;BU Cards L1 L2 L3 Sala 1;GT;BU Cards;AMANDA RAMOS DE OLIVEIRA,AMANDA.RAMOS@NEON.COM.BR,GUSTAVO JUNQUEIRA,A,BU Cards L1 L2 L3 Sala 1,GT
VITOR DA GAMA GODOY;VITOR.GODOY@NEON.COM.BR;ISABELA DOS SANTOS LIMA;A;PRODUCT L5 Sala 1;GT;BU Cards;VITOR DA GAMA GODOY,VITOR.GODOY@NEON.COM.BR,ISABELA DOS SANTOS LIMA,A,PRODUCT L5 Sala 1,GT
THIAGO BYUNG WON KANG;THIAGO.KANG@NEON.COM.BR;ISABELA DOS SANTOS LIMA;A;PRODUCT L4 Sala 1;GT;BU Cards;THIAGO BYUNG WON KANG,THIAGO.KANG@NEON.COM.BR,ISABELA DOS SANTOS LIMA,A,PRODUCT L4 Sala 1,GT
VICTOR RODRIGUES DE SOUZA;VICTOR.RSOUZA@NEON.COM.BR;ISABELA DOS SANTOS LIMA;A;DESIGN L4 Sala 1;GT;BU Cards;VICTOR RODRIGUES DE SOUZA,VICTOR.RSOUZA@NEON.COM.BR,ISABELA DOS SANTOS LIMA,A,DESIGN L4 Sala 1,GT
RENATA DE MATOS SANTANA;RENATA.SANTANA@NEON.COM.BR;ISABELA DOS SANTOS LIMA;A;DESIGN L1 L2 L3 Sala 1;GT;BU Cards;RENATA DE MATOS SANTANA,RENATA.SANTANA@NEON.COM.BR,ISABELA DOS SANTOS LIMA,A,DESIGN L1 L2 L3 Sala 1,GT
LUCAS CRISTOVAO DE MELO LEONI;LUCAS.LEONI@NEON.COM.BR;TIAGO BENEDITO FARIA;A;BU Cards L1 L2 L3 Sala 1;GT;BU Cards;LUCAS CRISTOVAO DE MELO LEONI,LUCAS.LEONI@NEON.COM.BR,TIAGO BENEDITO FARIA,A,BU Cards L1 L2 L3 Sala 1,GT
GIULIANA GARCIA PARO;GIULIANA.PARO@NEON.COM.BR;MATEUS HENRIQUE BORGES NOEL;A;BU Cards L4 Sala 1;GT;BU Cards;GIULIANA GARCIA PARO,GIULIANA.PARO@NEON.COM.BR,MATEUS HENRIQUE BORGES NOEL,A,BU Cards L4 Sala 1,GT
KARLA BIAZIOLI CELESTINO;KARLA.BIAZIOLI@NEON.COM.BR;TAMIRIS PINHEIRO DE LANA LIMA;A;CoE Finance L4 Sala 1;GT;Operations;KARLA BIAZIOLI CELESTINO,KARLA.BIAZIOLI@NEON.COM.BR,TAMIRIS PINHEIRO DE LANA LIMA,A,CoE Finance L4 Sala 1,GT
BERNARDO PANKA ARCHEGAS;BERNARDO.ARCHEGAS@NEON.COM.BR;DANIEL MATTE FREITAS;A;Platform Engineering L2 Sala 1;GT;Technology, Acquisition & Banking;BERNARDO PANKA ARCHEGAS,BERNARDO.ARCHEGAS@NEON.COM.BR,DANIEL MATTE FREITAS,A,Platform Engineering L2 Sala 1,GT
DANIEL KIITI HAIBARA;DANIEL.HAIBARA@NEON.COM.BR;JUNJI MA;A;Platform Engineering L4 Sala 3;GT;Technology, Acquisition & Banking;DANIEL KIITI HAIBARA,DANIEL.HAIBARA@NEON.COM.BR,JUNJI MA,A,Platform Engineering L4 Sala 3,GT
CHINH PHUNG HUYNH;CHINH.HUYNH@NEON.COM.BR;JUNJI MA;A;Platform Engineering L6 Sala 1;GT;Technology, Acquisition & Banking;CHINH PHUNG HUYNH,CHINH.HUYNH@NEON.COM.BR,JUNJI MA,A,Platform Engineering L6 Sala 1,GT
FILIPI CORREA DE SIQUEIRA;FILIPI.SIQUEIRA@NEON.COM.BR;IGOR DE ANDRADE LIMA GATIS;A;Platform Engineering L6 Sala 1;GT;Technology, Acquisition & Banking;FILIPI CORREA DE SIQUEIRA,FILIPI.SIQUEIRA@NEON.COM.BR,IGOR DE ANDRADE LIMA GATIS,A,Platform Engineering L6 Sala 1,GT
EDUARDO COSTA DE ARAUJO;EDUARDO.COSTA@NEON.COM.BR;JOYCE MARTINS ROMANO;A;Platform Portfolio Collection e Risk  L4 Sala 1;GT;Operations;EDUARDO COSTA DE ARAUJO,EDUARDO.COSTA@NEON.COM.BR,JOYCE MARTINS ROMANO,A,Platform Portfolio Collection e Risk  L4 Sala 1,GT
ROBERTA STELLA MONZANI RABELO;ROBERTA.RABELO@NEON.COM.BR;PEDRO HENRIQUE DE SOUZA CONRADE;A;Neon L8 Sala 1;GT;Risks;ROBERTA STELLA MONZANI RABELO,ROBERTA.RABELO@NEON.COM.BR,PEDRO HENRIQUE DE SOUZA CONRADE,A,Neon L8 Sala 1,GT
PHILLIPE MURRAY COIMBRA;PHI.COIMBRA@NEON.COM.BR;JUNJI MA;A;Platform Engineering L4 Sala 3;GT;Technology, Acquisition & Banking;PHILLIPE MURRAY COIMBRA,PHI.COIMBRA@NEON.COM.BR,JUNJI MA,A,Platform Engineering L4 Sala 3,GT
DEBORAH CRISTINA SLOMPO ITAJUBA;DEBORAH.ITAJUBA@NEON.COM.BR;PEDRO HENRIQUE DE SOUZA CONRADE;A;Executive Assistant  Sala 1;GT;Presidencia;DEBORAH CRISTINA SLOMPO ITAJUBA,DEBORAH.ITAJUBA@NEON.COM.BR,PEDRO HENRIQUE DE SOUZA CONRADE,A,Executive Assistant  Sala 1,GT
VICTOR HUGO MARANHAO DE LOYOLA;VICTOR.LOYOLA@NEON.COM.BR;PEDRO HENRIQUE DE SOUZA CONRADE;A;Neon L10 Sala 1;GT;Presidencia;VICTOR HUGO MARANHAO DE LOYOLA,VICTOR.LOYOLA@NEON.COM.BR,PEDRO HENRIQUE DE SOUZA CONRADE,A,Neon L10 Sala 1,GT
WELTON DOS REIS;WELTON.REIS@NEON.COM.BR;THIAGO ANDREGHETTE LUCARELLI;A;Security FRAUD Oper L0aL3 Sala 1;GT;Technology, Acquisition & Banking;WELTON DOS REIS,WELTON.REIS@NEON.COM.BR,THIAGO ANDREGHETTE LUCARELLI,A,Security FRAUD Oper L0aL3 Sala 1,GT
DIOVANE RINALDIN;DIOVANE.RINALDIN@NEON.COM.BR;ITALO SAMUEL SILVA DOS SANTOS;A;Platform Engineering L5 Sala 1;GT;Technology, Acquisition & Banking;DIOVANE RINALDIN,DIOVANE.RINALDIN@NEON.COM.BR,ITALO SAMUEL SILVA DOS SANTOS,A,Platform Engineering L5 Sala 1,GT
KARLA FERNANDES DE ARAUJO;KARLA.FERNANDES@NEON.COM.BR;WESLLEY SOUZA PATROCINIO;A;Platform Credit e Data L4 Data Science;GT;Technology;KARLA FERNANDES DE ARAUJO,KARLA.FERNANDES@NEON.COM.BR,WESLLEY SOUZA PATROCINIO,A,Platform Credit e Data L4 Data Science,GT
MARIA CECILIA ROMERA DE ASSIS;MARIA.ASSIS@NEON.COM.BR;BRUNO AIRES BERTOLACINI;A;DESIGN L4 Sala 1;GT;Technology;MARIA CECILIA ROMERA DE ASSIS,MARIA.ASSIS@NEON.COM.BR,BRUNO AIRES BERTOLACINI,A,DESIGN L4 Sala 1,GT
DANIEL DE SOUZA ABREU;DANIEL.ABREU@NEON.COM.BR;ITALO SAMUEL SILVA DOS SANTOS;A;Platform Engineering L4 Sala 4;GT;Technology;DANIEL DE SOUZA ABREU,DANIEL.ABREU@NEON.COM.BR,ITALO SAMUEL SILVA DOS SANTOS,A,Platform Engineering L4 Sala 4,GT
MATHEUS WESLEY DOS SANTOS POLO;MATHEUS.POLO@NEON.COM.BR;IGOR DE ANDRADE LIMA GATIS;A;Platform Engineering L4 Sala 4;GT;Technology;MATHEUS WESLEY DOS SANTOS POLO,MATHEUS.POLO@NEON.COM.BR,IGOR DE ANDRADE LIMA GATIS,A,Platform Engineering L4 Sala 4,GT
VINICIUS RODRIGUES FILENGA;VINICIUS.FILENGA@NEON.COM.BR;ITALO SAMUEL SILVA DOS SANTOS;A;Platform Engineering L4 Sala 4;GT;Technology;VINICIUS RODRIGUES FILENGA,VINICIUS.FILENGA@NEON.COM.BR,ITALO SAMUEL SILVA DOS SANTOS,A,Platform Engineering L4 Sala 4,GT
ANTONIO VALENTIM GABALDI JUNIOR;GABALDI.ANTONIO@NEON.COM.BR;CLAUDIA CAROLINE DA SILVA XAVIER;A;Platform Portfolio Collection e Risk  L4 Sala 1;GT;Operations;ANTONIO VALENTIM GABALDI JUNIOR,GABALDI.ANTONIO@NEON.COM.BR,CLAUDIA CAROLINE DA SILVA XAVIER,A,Platform Portfolio Collection e Risk  L4 Sala 1,GT
GABRIEL VAZ DIAS HECHT;GABRIEL.HECH@NEON.COM.BR;ANDRE RICARDO REMONDINI;A;CoE Finance L4 Sala 1;GT;Operations;GABRIEL VAZ DIAS HECHT,GABRIEL.HECH@NEON.COM.BR,ANDRE RICARDO REMONDINI,A,CoE Finance L4 Sala 1,GT
OTAVIO BARROSO SATIN;OTAVIO.SATIN@NEON.COM.BR;ESTHER TOMY KARAZAWA;A;PRODUCT L1 L2 L3 Sala 1;GT;BU Cards;OTAVIO BARROSO SATIN,OTAVIO.SATIN@NEON.COM.BR,ESTHER TOMY KARAZAWA,A,PRODUCT L1 L2 L3 Sala 1,GT
CAROLINE MENDES DE OLIVEIRA;CAROLINE.MENDES@NEON.COM.BR;LUCILENE DE SOUZA MELO GALINDO;A;CoE Legal e Compliance L1 L2 L3 Sala 1;GT;Operations;CAROLINE MENDES DE OLIVEIRA,CAROLINE.MENDES@NEON.COM.BR,LUCILENE DE SOUZA MELO GALINDO,A,CoE Legal e Compliance L1 L2 L3 Sala 1,GT
CARLA FRASCARELI;CARLA.FRASCARELI@NEON.COM.BR;IGOR DE ANDRADE LIMA GATIS;A;Platform Engineering L4 Sala 4;GT;Technology;CARLA FRASCARELI,CARLA.FRASCARELI@NEON.COM.BR,IGOR DE ANDRADE LIMA GATIS,A,Platform Engineering L4 Sala 4,GT
TIAGO FREITAS DE OLIVEIRA;TIAGO.OLIVEIRA@NEON.COM.BR;JUNJI MA;A;Platform Engineering L3 Sala 3;GT;Technology, Acquisition & Banking;TIAGO FREITAS DE OLIVEIRA,TIAGO.OLIVEIRA@NEON.COM.BR,JUNJI MA,A,Platform Engineering L3 Sala 3,GT
EDUARDO MARTINS SANGION;EDUARDO.SANGION@NEON.COM.BR;JOYCE MARTINS ROMANO;A;PRODUCT L6 Sala 1;GT;Operations;EDUARDO MARTINS SANGION,EDUARDO.SANGION@NEON.COM.BR,JOYCE MARTINS ROMANO,A,PRODUCT L6 Sala 1,GT
FERNANDO VINICIUS DE SOUSA;FERNANDO.VINICIUS@NEON.COM.BR;JULIANO DOGNANI CASTRO;A;Platform Credit e Data L1 L2 L3  CrediteBusiness;GT;Platform Credit & Data;FERNANDO VINICIUS DE SOUSA,FERNANDO.VINICIUS@NEON.COM.BR,JULIANO DOGNANI CASTRO,A,Platform Credit e Data L1 L2 L3  CrediteBusiness,GT
JOAO CARLOS POLONIATO FERREIRA;JOAO.POLONIATO@NEON.COM.BR;BRUNA FLORES OZAKI CARNIO;A;Platform Credit e Data L4   CrediteBusiness;GT;Platform Credit & Data;JOAO CARLOS POLONIATO FERREIRA,JOAO.POLONIATO@NEON.COM.BR,BRUNA FLORES OZAKI CARNIO,A,Platform Credit e Data L4   CrediteBusiness,GT
PAULO HENRIQUE LUZ DE OLIVEIRA;PAULO.LUZ@NEON.COM.BR;BRENO DAMICO PINHEIRO;A;Platform Credit e Data L1 L2 L3  CrediteBusiness;GT;Platform Credit & Data;PAULO HENRIQUE LUZ DE OLIVEIRA,PAULO.LUZ@NEON.COM.BR,BRENO DAMICO PINHEIRO,A,Platform Credit e Data L1 L2 L3  CrediteBusiness,GT
DEWEI ZHOU;DEWEI.ZHOU@NEON.COM.BR;JUNJI MA;A;Platform Engineering L4 Sala 1;GT;Technology, Acquisition & Banking;DEWEI ZHOU,DEWEI.ZHOU@NEON.COM.BR,JUNJI MA,A,Platform Engineering L4 Sala 1,GT
JACOB SISK;JACOB.SISK@NEON.COM.BR;Fernando Carvalho Botelho De Miranda;A;Neon L9 Sala 1;GT;Technology;JACOB SISK,JACOB.SISK@NEON.COM.BR,Fernando Carvalho Botelho De Miranda,A,Neon L9 Sala 1,GT
ANDRE DUQUE MADEIRA;ANDRE.MADEIRA@NEON.COM.BR;PEDRO HENRIQUE DE SOUZA CONRADE;A;Neon L10 Sala 1;GT;Technology, Acquisition & Banking;ANDRE DUQUE MADEIRA,ANDRE.MADEIRA@NEON.COM.BR,PEDRO HENRIQUE DE SOUZA CONRADE,A,Neon L10 Sala 1,GT
CAIO NORTHFLEET;CAIO.NORTHFLEET@NEON.COM.BR;JUNJI MA;A;Platform Engineering L5 Sala 1;GT;Technology, Acquisition & Banking;CAIO NORTHFLEET,CAIO.NORTHFLEET@NEON.COM.BR,JUNJI MA,A,Platform Engineering L5 Sala 1,GT
WEI ZHANG;WEI.ZHANG@NEON.COM.BR;Suneil Vallabh;A;Neon L6 Sala 1;GT;Technology;WEI ZHANG,WEI.ZHANG@NEON.COM.BR,Suneil Vallabh,A,Neon L6 Sala 1,GT
MIAN ZHANG;MIAN.ZHANG@NEON.COM.BR;JUNJI MA;A;Platform Engineering L6 Sala 1;GT;Technology, Acquisition & Banking;MIAN ZHANG,MIAN.ZHANG@NEON.COM.BR,JUNJI MA,A,Platform Engineering L6 Sala 1,GT
